{
  "_format": "hh-sol-cache-2",
  "files": {
    "D:\\Code\\FYP\\FundSpirit-Contract\\node_modules\\hardhat\\console.sol": {
      "lastModificationDate": 1666591275929,
      "contentHash": "4ff3cd2f6272c9a6516e9ee4f2b967d3",
      "sourceName": "hardhat/console.sol",
      "solcConfig": {
        "version": "0.8.17",
        "settings": {
          "optimizer": {
            "enabled": false,
            "runs": 200
          },
          "outputSelection": {
            "*": {
              "*": [
                "abi",
                "evm.bytecode",
                "evm.deployedBytecode",
                "evm.methodIdentifiers",
                "metadata",
                "devdoc",
                "userdoc",
                "storageLayout",
                "evm.gasEstimates"
              ],
              "": [
                "ast"
              ]
            }
          },
          "metadata": {
            "useLiteralContent": true
          }
        }
      },
      "imports": [],
      "versionPragmas": [
        ">= 0.4.22 <0.9.0"
      ],
      "artifacts": [
        "console"
      ]
    },
    "D:\\Code\\FYP\\FundSpirit-Contract\\contracts\\Campaign.sol": {
      "lastModificationDate": 1682887417481,
      "contentHash": "f9eb15af5ebdd15a745acaafb68a8aa5",
      "sourceName": "contracts/Campaign.sol",
      "solcConfig": {
        "version": "0.8.17",
        "settings": {
          "optimizer": {
            "enabled": false,
            "runs": 200
          },
          "outputSelection": {
            "*": {
              "*": [
                "abi",
                "evm.bytecode",
                "evm.deployedBytecode",
                "evm.methodIdentifiers",
                "metadata",
                "devdoc",
                "userdoc",
                "storageLayout",
                "evm.gasEstimates"
              ],
              "": [
                "ast"
              ]
            }
          },
          "metadata": {
            "useLiteralContent": true
          }
        }
      },
      "imports": [
        "./Organization.sol",
        "hardhat/console.sol"
      ],
      "versionPragmas": [
        "^0.8.17"
      ],
      "artifacts": [
        "Campaign"
      ]
    },
    "D:\\Code\\FYP\\FundSpirit-Contract\\contracts\\Organization.sol": {
      "lastModificationDate": 1682887600323,
      "contentHash": "4f5bd7bde784678812ebc35183a43b25",
      "sourceName": "contracts/Organization.sol",
      "solcConfig": {
        "version": "0.8.17",
        "settings": {
          "optimizer": {
            "enabled": false,
            "runs": 200
          },
          "outputSelection": {
            "*": {
              "*": [
                "abi",
                "evm.bytecode",
                "evm.deployedBytecode",
                "evm.methodIdentifiers",
                "metadata",
                "devdoc",
                "userdoc",
                "storageLayout",
                "evm.gasEstimates"
              ],
              "": [
                "ast"
              ]
            }
          },
          "metadata": {
            "useLiteralContent": true
          }
        }
      },
      "imports": [
        "hardhat/console.sol"
      ],
      "versionPragmas": [
        "^0.8.17"
      ],
      "artifacts": [
        "Organization"
      ]
    }
  }
}
