{
  "language": "Solidity",
  "sources": {
    "contracts/Campaign.sol": {
      "content": "// SPDX-License-Identifier: MIT\r\n\r\npragma solidity ^0.8.17;\r\nimport \"./Organization.sol\";\r\n\r\nimport \"hardhat/console.sol\";\r\n\r\nerror Campaign__NotEnoughEthEntered();\r\nerror Campaign__AlreadyEnrolled();\r\nerror Campaign__MaximumCampaignsReached();\r\nerror Campaign__NoOrganizationEnrolled();\r\n\r\ncontract Campaign {\r\n    address public owner;\r\n    uint256 public minimumContribution;\r\n    mapping(address => bool) public contributers;\r\n   uint256 constant public minimumDisburseAllowed = .001 ether; // hardcoded minimum disburse amount\r\n    uint256 public contributersCount;\r\n    //mapping to store organizations\r\n    address[] public organizations;\r\n\r\n \r\n//constructor with name as parameter\r\n\r\n    constructor(\r\n       \r\n    ) {\r\n        owner = msg.sender;\r\n        organizations = new address[](0);\r\n    \r\n    }\r\n\r\n    function fund() public payable {\r\n        //require(msg.value > minimumContribution);\r\n        contributers[msg.sender] = true;\r\n        contributersCount++;\r\n    }\r\n\r\n    //creating modifiers\r\n    modifier onlyOwner() {\r\n        require(msg.sender == owner);\r\n        _;\r\n    }\r\n\r\n    modifier onlyContributer() {\r\n        require(contributers[msg.sender] == true);\r\n        _;\r\n    }\r\n\r\n    //function to get balance in the contract\r\n    function getBalance() public view returns (uint256) {\r\n        return address(this).balance;\r\n    }\r\n\r\n    //get minimum ammount\r\n    function getMinimumContribution() public view returns (uint256) {\r\n        return minimumContribution;\r\n    }\r\n    //function to withdraw money to specific address\r\n    function withdrawMoney(address payable recipient) public {\r\n        recipient.transfer(address(this).balance);\r\n    }\r\n\r\n    //function to enroll organization to this campaign\r\n    function enrollOrganization(address organization) public onlyOwner {\r\n        //check if organzation is already enrolled in this campaign\r\n        for (uint256 i = 0; i < organizations.length; i++) {\r\n            if (organizations[i] == organization) {\r\n                revert Campaign__AlreadyEnrolled();\r\n            }\r\n        }\r\n\r\n        // //check if organization is enrolled in 3 campaigns\r\n        //  if (Organization(organization).getCampaignsCount() >= 3) {\r\n        //     revert Campaign__MaximumCampaignsReached();\r\n        //  }\r\n        organizations.push(organization);\r\n    }\r\n\r\n    //disburse all funds to all organizations equally\r\n    function disburseFunds() public {\r\n        //check if enough funds are available\r\n        // if (getBalance() < minimumDisburseAllowed) {\r\n        //     revert Campaign__NotEnoughEthEntered();\r\n        // }\r\n\r\n        //No organizations enrolled\r\n        if(organizations.length <= 0){\r\n            revert Campaign__NoOrganizationEnrolled();\r\n        }\r\n\r\n        //equal share of funds\r\n        uint256 minimumDisburseAmount = getBalance() / organizations.length;\r\n        \r\n      \r\n        //disburse funds\r\n        for (uint256 i = 0; i < organizations.length; i++) {\r\n            console.log(\"Funds In Campaign\", getBalance());\r\n            console.log(\"Balance before sending to \" , organizations[i] ,Organization(organizations[i]).getBalance());\r\n            Organization(organizations[i]).contribute{value: minimumDisburseAmount}();\r\n            console.log(\"Balance after sendingto \", organizations[i] , Organization(organizations[i]).getBalance());\r\n        }\r\n    }\r\n\r\n    //get enrolled Organizations\r\n    function getOrganizations() public view returns (address[] memory) {\r\n        return organizations;\r\n    }\r\n\r\n \r\n}\r\n"
    },
    "contracts/Organization.sol": {
      "content": "// SPDX-License-Identifier: MIT\r\n\r\npragma solidity ^0.8.17;\r\n\r\n\r\nimport \"hardhat/console.sol\";\r\n\r\ncontract Organization{\r\n    address public owner;\r\n\r\n    uint256 public minimumContribution;\r\n    uint256 public campaignsCount;\r\n    address[] public campaigns;\r\n    uint256 private totalDonations;\r\n\r\n  \r\n\r\n    constructor() {\r\n        owner = msg.sender;\r\n        totalDonations = 0;\r\n   \r\n    }\r\n\r\n    function contribute() public payable {\r\n        //require(msg.value > minimumContribution);\r\n        console.log(\"We are here\");\r\n     totalDonations += msg.value;\r\n        \r\n    }\r\n\r\n    //creating modifiers\r\n    modifier onlyOwner() {\r\n        require(msg.sender == owner);\r\n        _;\r\n    }\r\n\r\n\r\n    \r\n       //function to get balance in the contract\r\n    function getBalance() public view returns (uint256) {\r\n        return address(this).balance;\r\n    }\r\n\r\n\r\n    //get minimum ammount\r\n    function getMinimumContribution() public view returns (uint256) {\r\n        return minimumContribution;\r\n    }\r\n    //function to withdraw money to specific address\r\n    function withdrawMoney(address payable recipient, uint256 amount) public onlyOwner {\r\n        require(amount <= getBalance());\r\n        recipient.transfer(amount);\r\n    }\r\n\r\n    //function to withdraw money to specific address\r\n    function withdrawAllMoney(address payable recipient) public onlyOwner {\r\n        recipient.transfer(getBalance());\r\n    }\r\n\r\n   //get campaign count\r\n    function getCampaignsCount() public view returns (uint256) {\r\n        return campaignsCount;\r\n    }\r\n    \r\n\r\n    //increment total campaigns\r\n    function incrementCampaignsCount() public {\r\n        campaignsCount++;\r\n    }\r\n\r\n    //get all campaigns\r\n    function getAllCampaigns() public view returns (address[] memory) {\r\n        return campaigns;\r\n    }\r\n\r\n    //enroll in campaign\r\n    function enrollInCampaign(address campaignAddress) public {\r\n        //make sure campaign count is less than 3 before pushing\r\n        require(campaignsCount < 3);\r\n        campaigns.push(campaignAddress);\r\n    }\r\n}"
    },
    "hardhat/console.sol": {
      "content": "// SPDX-License-Identifier: MIT\npragma solidity >= 0.4.22 <0.9.0;\n\nlibrary console {\n\taddress constant CONSOLE_ADDRESS = address(0x000000000000000000636F6e736F6c652e6c6f67);\n\n\tfunction _sendLogPayload(bytes memory payload) private view {\n\t\tuint256 payloadLength = payload.length;\n\t\taddress consoleAddress = CONSOLE_ADDRESS;\n\t\tassembly {\n\t\t\tlet payloadStart := add(payload, 32)\n\t\t\tlet r := staticcall(gas(), consoleAddress, payloadStart, payloadLength, 0, 0)\n\t\t}\n\t}\n\n\tfunction log() internal view {\n\t\t_sendLogPayload(abi.encodeWithSignature(\"log()\"));\n\t}\n\n\tfunction logInt(int256 p0) internal view {\n\t\t_sendLogPayload(abi.encodeWithSignature(\"log(int256)\", p0));\n\t}\n\n\tfunction logUint(uint256 p0) internal view {\n\t\t_sendLogPayload(abi.encodeWithSignature(\"log(uint256)\", p0));\n\t}\n\n\tfunction logString(string memory p0) internal view {\n\t\t_sendLogPayload(abi.encodeWithSignature(\"log(string)\", p0));\n\t}\n\n\tfunction logBool(bool p0) internal view {\n\t\t_sendLogPayload(abi.encodeWithSignature(\"log(bool)\", p0));\n\t}\n\n\tfunction logAddress(address p0) internal view {\n\t\t_sendLogPayload(abi.encodeWithSignature(\"log(address)\", p0));\n\t}\n\n\tfunction logBytes(bytes memory p0) internal view {\n\t\t_sendLogPayload(abi.encodeWithSignature(\"log(bytes)\", p0));\n\t}\n\n\tfunction logBytes1(bytes1 p0) internal view {\n\t\t_sendLogPayload(abi.encodeWithSignature(\"log(bytes1)\", p0));\n\t}\n\n\tfunction logBytes2(bytes2 p0) internal view {\n\t\t_sendLogPayload(abi.encodeWithSignature(\"log(bytes2)\", p0));\n\t}\n\n\tfunction logBytes3(bytes3 p0) internal view {\n\t\t_sendLogPayload(abi.encodeWithSignature(\"log(bytes3)\", p0));\n\t}\n\n\tfunction logBytes4(bytes4 p0) internal view {\n\t\t_sendLogPayload(abi.encodeWithSignature(\"log(bytes4)\", p0));\n\t}\n\n\tfunction logBytes5(bytes5 p0) internal view {\n\t\t_sendLogPayload(abi.encodeWithSignature(\"log(bytes5)\", p0));\n\t}\n\n\tfunction logBytes6(bytes6 p0) internal view {\n\t\t_sendLogPayload(abi.encodeWithSignature(\"log(bytes6)\", p0));\n\t}\n\n\tfunction logBytes7(bytes7 p0) internal view {\n\t\t_sendLogPayload(abi.encodeWithSignature(\"log(bytes7)\", p0));\n\t}\n\n\tfunction logBytes8(bytes8 p0) internal view {\n\t\t_sendLogPayload(abi.encodeWithSignature(\"log(bytes8)\", p0));\n\t}\n\n\tfunction logBytes9(bytes9 p0) internal view {\n\t\t_sendLogPayload(abi.encodeWithSignature(\"log(bytes9)\", p0));\n\t}\n\n\tfunction logBytes10(bytes10 p0) internal view {\n\t\t_sendLogPayload(abi.encodeWithSignature(\"log(bytes10)\", p0));\n\t}\n\n\tfunction logBytes11(bytes11 p0) internal view {\n\t\t_sendLogPayload(abi.encodeWithSignature(\"log(bytes11)\", p0));\n\t}\n\n\tfunction logBytes12(bytes12 p0) internal view {\n\t\t_sendLogPayload(abi.encodeWithSignature(\"log(bytes12)\", p0));\n\t}\n\n\tfunction logBytes13(bytes13 p0) internal view {\n\t\t_sendLogPayload(abi.encodeWithSignature(\"log(bytes13)\", p0));\n\t}\n\n\tfunction logBytes14(bytes14 p0) internal view {\n\t\t_sendLogPayload(abi.encodeWithSignature(\"log(bytes14)\", p0));\n\t}\n\n\tfunction logBytes15(bytes15 p0) internal view {\n\t\t_sendLogPayload(abi.encodeWithSignature(\"log(bytes15)\", p0));\n\t}\n\n\tfunction logBytes16(bytes16 p0) internal view {\n\t\t_sendLogPayload(abi.encodeWithSignature(\"log(bytes16)\", p0));\n\t}\n\n\tfunction logBytes17(bytes17 p0) internal view {\n\t\t_sendLogPayload(abi.encodeWithSignature(\"log(bytes17)\", p0));\n\t}\n\n\tfunction logBytes18(bytes18 p0) internal view {\n\t\t_sendLogPayload(abi.encodeWithSignature(\"log(bytes18)\", p0));\n\t}\n\n\tfunction logBytes19(bytes19 p0) internal view {\n\t\t_sendLogPayload(abi.encodeWithSignature(\"log(bytes19)\", p0));\n\t}\n\n\tfunction logBytes20(bytes20 p0) internal view {\n\t\t_sendLogPayload(abi.encodeWithSignature(\"log(bytes20)\", p0));\n\t}\n\n\tfunction logBytes21(bytes21 p0) internal view {\n\t\t_sendLogPayload(abi.encodeWithSignature(\"log(bytes21)\", p0));\n\t}\n\n\tfunction logBytes22(bytes22 p0) internal view {\n\t\t_sendLogPayload(abi.encodeWithSignature(\"log(bytes22)\", p0));\n\t}\n\n\tfunction logBytes23(bytes23 p0) internal view {\n\t\t_sendLogPayload(abi.encodeWithSignature(\"log(bytes23)\", p0));\n\t}\n\n\tfunction logBytes24(bytes24 p0) internal view {\n\t\t_sendLogPayload(abi.encodeWithSignature(\"log(bytes24)\", p0));\n\t}\n\n\tfunction logBytes25(bytes25 p0) internal view {\n\t\t_sendLogPayload(abi.encodeWithSignature(\"log(bytes25)\", p0));\n\t}\n\n\tfunction logBytes26(bytes26 p0) internal view {\n\t\t_sendLogPayload(abi.encodeWithSignature(\"log(bytes26)\", p0));\n\t}\n\n\tfunction logBytes27(bytes27 p0) internal view {\n\t\t_sendLogPayload(abi.encodeWithSignature(\"log(bytes27)\", p0));\n\t}\n\n\tfunction logBytes28(bytes28 p0) internal view {\n\t\t_sendLogPayload(abi.encodeWithSignature(\"log(bytes28)\", p0));\n\t}\n\n\tfunction logBytes29(bytes29 p0) internal view {\n\t\t_sendLogPayload(abi.encodeWithSignature(\"log(bytes29)\", p0));\n\t}\n\n\tfunction logBytes30(bytes30 p0) internal view {\n\t\t_sendLogPayload(abi.encodeWithSignature(\"log(bytes30)\", p0));\n\t}\n\n\tfunction logBytes31(bytes31 p0) internal view {\n\t\t_sendLogPayload(abi.encodeWithSignature(\"log(bytes31)\", p0));\n\t}\n\n\tfunction logBytes32(bytes32 p0) internal view {\n\t\t_sendLogPayload(abi.encodeWithSignature(\"log(bytes32)\", p0));\n\t}\n\n\tfunction log(uint256 p0) internal view {\n\t\t_sendLogPayload(abi.encodeWithSignature(\"log(uint256)\", p0));\n\t}\n\n\tfunction log(string memory p0) internal view {\n\t\t_sendLogPayload(abi.encodeWithSignature(\"log(string)\", p0));\n\t}\n\n\tfunction log(bool p0) internal view {\n\t\t_sendLogPayload(abi.encodeWithSignature(\"log(bool)\", p0));\n\t}\n\n\tfunction log(address p0) internal view {\n\t\t_sendLogPayload(abi.encodeWithSignature(\"log(address)\", p0));\n\t}\n\n\tfunction log(uint256 p0, uint256 p1) internal view {\n\t\t_sendLogPayload(abi.encodeWithSignature(\"log(uint256,uint256)\", p0, p1));\n\t}\n\n\tfunction log(uint256 p0, string memory p1) internal view {\n\t\t_sendLogPayload(abi.encodeWithSignature(\"log(uint256,string)\", p0, p1));\n\t}\n\n\tfunction log(uint256 p0, bool p1) internal view {\n\t\t_sendLogPayload(abi.encodeWithSignature(\"log(uint256,bool)\", p0, p1));\n\t}\n\n\tfunction log(uint256 p0, address p1) internal view {\n\t\t_sendLogPayload(abi.encodeWithSignature(\"log(uint256,address)\", p0, p1));\n\t}\n\n\tfunction log(string memory p0, uint256 p1) internal view {\n\t\t_sendLogPayload(abi.encodeWithSignature(\"log(string,uint256)\", p0, p1));\n\t}\n\n\tfunction log(string memory p0, string memory p1) internal view {\n\t\t_sendLogPayload(abi.encodeWithSignature(\"log(string,string)\", p0, p1));\n\t}\n\n\tfunction log(string memory p0, bool p1) internal view {\n\t\t_sendLogPayload(abi.encodeWithSignature(\"log(string,bool)\", p0, p1));\n\t}\n\n\tfunction log(string memory p0, address p1) internal view {\n\t\t_sendLogPayload(abi.encodeWithSignature(\"log(string,address)\", p0, p1));\n\t}\n\n\tfunction log(bool p0, uint256 p1) internal view {\n\t\t_sendLogPayload(abi.encodeWithSignature(\"log(bool,uint256)\", p0, p1));\n\t}\n\n\tfunction log(bool p0, string memory p1) internal view {\n\t\t_sendLogPayload(abi.encodeWithSignature(\"log(bool,string)\", p0, p1));\n\t}\n\n\tfunction log(bool p0, bool p1) internal view {\n\t\t_sendLogPayload(abi.encodeWithSignature(\"log(bool,bool)\", p0, p1));\n\t}\n\n\tfunction log(bool p0, address p1) internal view {\n\t\t_sendLogPayload(abi.encodeWithSignature(\"log(bool,address)\", p0, p1));\n\t}\n\n\tfunction log(address p0, uint256 p1) internal view {\n\t\t_sendLogPayload(abi.encodeWithSignature(\"log(address,uint256)\", p0, p1));\n\t}\n\n\tfunction log(address p0, string memory p1) internal view {\n\t\t_sendLogPayload(abi.encodeWithSignature(\"log(address,string)\", p0, p1));\n\t}\n\n\tfunction log(address p0, bool p1) internal view {\n\t\t_sendLogPayload(abi.encodeWithSignature(\"log(address,bool)\", p0, p1));\n\t}\n\n\tfunction log(address p0, address p1) internal view {\n\t\t_sendLogPayload(abi.encodeWithSignature(\"log(address,address)\", p0, p1));\n\t}\n\n\tfunction log(uint256 p0, uint256 p1, uint256 p2) internal view {\n\t\t_sendLogPayload(abi.encodeWithSignature(\"log(uint256,uint256,uint256)\", p0, p1, p2));\n\t}\n\n\tfunction log(uint256 p0, uint256 p1, string memory p2) internal view {\n\t\t_sendLogPayload(abi.encodeWithSignature(\"log(uint256,uint256,string)\", p0, p1, p2));\n\t}\n\n\tfunction log(uint256 p0, uint256 p1, bool p2) internal view {\n\t\t_sendLogPayload(abi.encodeWithSignature(\"log(uint256,uint256,bool)\", p0, p1, p2));\n\t}\n\n\tfunction log(uint256 p0, uint256 p1, address p2) internal view {\n\t\t_sendLogPayload(abi.encodeWithSignature(\"log(uint256,uint256,address)\", p0, p1, p2));\n\t}\n\n\tfunction log(uint256 p0, string memory p1, uint256 p2) internal view {\n\t\t_sendLogPayload(abi.encodeWithSignature(\"log(uint256,string,uint256)\", p0, p1, p2));\n\t}\n\n\tfunction log(uint256 p0, string memory p1, string memory p2) internal view {\n\t\t_sendLogPayload(abi.encodeWithSignature(\"log(uint256,string,string)\", p0, p1, p2));\n\t}\n\n\tfunction log(uint256 p0, string memory p1, bool p2) internal view {\n\t\t_sendLogPayload(abi.encodeWithSignature(\"log(uint256,string,bool)\", p0, p1, p2));\n\t}\n\n\tfunction log(uint256 p0, string memory p1, address p2) internal view {\n\t\t_sendLogPayload(abi.encodeWithSignature(\"log(uint256,string,address)\", p0, p1, p2));\n\t}\n\n\tfunction log(uint256 p0, bool p1, uint256 p2) internal view {\n\t\t_sendLogPayload(abi.encodeWithSignature(\"log(uint256,bool,uint256)\", p0, p1, p2));\n\t}\n\n\tfunction log(uint256 p0, bool p1, string memory p2) internal view {\n\t\t_sendLogPayload(abi.encodeWithSignature(\"log(uint256,bool,string)\", p0, p1, p2));\n\t}\n\n\tfunction log(uint256 p0, bool p1, bool p2) internal view {\n\t\t_sendLogPayload(abi.encodeWithSignature(\"log(uint256,bool,bool)\", p0, p1, p2));\n\t}\n\n\tfunction log(uint256 p0, bool p1, address p2) internal view {\n\t\t_sendLogPayload(abi.encodeWithSignature(\"log(uint256,bool,address)\", p0, p1, p2));\n\t}\n\n\tfunction log(uint256 p0, address p1, uint256 p2) internal view {\n\t\t_sendLogPayload(abi.encodeWithSignature(\"log(uint256,address,uint256)\", p0, p1, p2));\n\t}\n\n\tfunction log(uint256 p0, address p1, string memory p2) internal view {\n\t\t_sendLogPayload(abi.encodeWithSignature(\"log(uint256,address,string)\", p0, p1, p2));\n\t}\n\n\tfunction log(uint256 p0, address p1, bool p2) internal view {\n\t\t_sendLogPayload(abi.encodeWithSignature(\"log(uint256,address,bool)\", p0, p1, p2));\n\t}\n\n\tfunction log(uint256 p0, address p1, address p2) internal view {\n\t\t_sendLogPayload(abi.encodeWithSignature(\"log(uint256,address,address)\", p0, p1, p2));\n\t}\n\n\tfunction log(string memory p0, uint256 p1, uint256 p2) internal view {\n\t\t_sendLogPayload(abi.encodeWithSignature(\"log(string,uint256,uint256)\", p0, p1, p2));\n\t}\n\n\tfunction log(string memory p0, uint256 p1, string memory p2) internal view {\n\t\t_sendLogPayload(abi.encodeWithSignature(\"log(string,uint256,string)\", p0, p1, p2));\n\t}\n\n\tfunction log(string memory p0, uint256 p1, bool p2) internal view {\n\t\t_sendLogPayload(abi.encodeWithSignature(\"log(string,uint256,bool)\", p0, p1, p2));\n\t}\n\n\tfunction log(string memory p0, uint256 p1, address p2) internal view {\n\t\t_sendLogPayload(abi.encodeWithSignature(\"log(string,uint256,address)\", p0, p1, p2));\n\t}\n\n\tfunction log(string memory p0, string memory p1, uint256 p2) internal view {\n\t\t_sendLogPayload(abi.encodeWithSignature(\"log(string,string,uint256)\", p0, p1, p2));\n\t}\n\n\tfunction log(string memory p0, string memory p1, string memory p2) internal view {\n\t\t_sendLogPayload(abi.encodeWithSignature(\"log(string,string,string)\", p0, p1, p2));\n\t}\n\n\tfunction log(string memory p0, string memory p1, bool p2) internal view {\n\t\t_sendLogPayload(abi.encodeWithSignature(\"log(string,string,bool)\", p0, p1, p2));\n\t}\n\n\tfunction log(string memory p0, string memory p1, address p2) internal view {\n\t\t_sendLogPayload(abi.encodeWithSignature(\"log(string,string,address)\", p0, p1, p2));\n\t}\n\n\tfunction log(string memory p0, bool p1, uint256 p2) internal view {\n\t\t_sendLogPayload(abi.encodeWithSignature(\"log(string,bool,uint256)\", p0, p1, p2));\n\t}\n\n\tfunction log(string memory p0, bool p1, string memory p2) internal view {\n\t\t_sendLogPayload(abi.encodeWithSignature(\"log(string,bool,string)\", p0, p1, p2));\n\t}\n\n\tfunction log(string memory p0, bool p1, bool p2) internal view {\n\t\t_sendLogPayload(abi.encodeWithSignature(\"log(string,bool,bool)\", p0, p1, p2));\n\t}\n\n\tfunction log(string memory p0, bool p1, address p2) internal view {\n\t\t_sendLogPayload(abi.encodeWithSignature(\"log(string,bool,address)\", p0, p1, p2));\n\t}\n\n\tfunction log(string memory p0, address p1, uint256 p2) internal view {\n\t\t_sendLogPayload(abi.encodeWithSignature(\"log(string,address,uint256)\", p0, p1, p2));\n\t}\n\n\tfunction log(string memory p0, address p1, string memory p2) internal view {\n\t\t_sendLogPayload(abi.encodeWithSignature(\"log(string,address,string)\", p0, p1, p2));\n\t}\n\n\tfunction log(string memory p0, address p1, bool p2) internal view {\n\t\t_sendLogPayload(abi.encodeWithSignature(\"log(string,address,bool)\", p0, p1, p2));\n\t}\n\n\tfunction log(string memory p0, address p1, address p2) internal view {\n\t\t_sendLogPayload(abi.encodeWithSignature(\"log(string,address,address)\", p0, p1, p2));\n\t}\n\n\tfunction log(bool p0, uint256 p1, uint256 p2) internal view {\n\t\t_sendLogPayload(abi.encodeWithSignature(\"log(bool,uint256,uint256)\", p0, p1, p2));\n\t}\n\n\tfunction log(bool p0, uint256 p1, string memory p2) internal view {\n\t\t_sendLogPayload(abi.encodeWithSignature(\"log(bool,uint256,string)\", p0, p1, p2));\n\t}\n\n\tfunction log(bool p0, uint256 p1, bool p2) internal view {\n\t\t_sendLogPayload(abi.encodeWithSignature(\"log(bool,uint256,bool)\", p0, p1, p2));\n\t}\n\n\tfunction log(bool p0, uint256 p1, address p2) internal view {\n\t\t_sendLogPayload(abi.encodeWithSignature(\"log(bool,uint256,address)\", p0, p1, p2));\n\t}\n\n\tfunction log(bool p0, string memory p1, uint256 p2) internal view {\n\t\t_sendLogPayload(abi.encodeWithSignature(\"log(bool,string,uint256)\", p0, p1, p2));\n\t}\n\n\tfunction log(bool p0, string memory p1, string memory p2) internal view {\n\t\t_sendLogPayload(abi.encodeWithSignature(\"log(bool,string,string)\", p0, p1, p2));\n\t}\n\n\tfunction log(bool p0, string memory p1, bool p2) internal view {\n\t\t_sendLogPayload(abi.encodeWithSignature(\"log(bool,string,bool)\", p0, p1, p2));\n\t}\n\n\tfunction log(bool p0, string memory p1, address p2) internal view {\n\t\t_sendLogPayload(abi.encodeWithSignature(\"log(bool,string,address)\", p0, p1, p2));\n\t}\n\n\tfunction log(bool p0, bool p1, uint256 p2) internal view {\n\t\t_sendLogPayload(abi.encodeWithSignature(\"log(bool,bool,uint256)\", p0, p1, p2));\n\t}\n\n\tfunction log(bool p0, bool p1, string memory p2) internal view {\n\t\t_sendLogPayload(abi.encodeWithSignature(\"log(bool,bool,string)\", p0, p1, p2));\n\t}\n\n\tfunction log(bool p0, bool p1, bool p2) internal view {\n\t\t_sendLogPayload(abi.encodeWithSignature(\"log(bool,bool,bool)\", p0, p1, p2));\n\t}\n\n\tfunction log(bool p0, bool p1, address p2) internal view {\n\t\t_sendLogPayload(abi.encodeWithSignature(\"log(bool,bool,address)\", p0, p1, p2));\n\t}\n\n\tfunction log(bool p0, address p1, uint256 p2) internal view {\n\t\t_sendLogPayload(abi.encodeWithSignature(\"log(bool,address,uint256)\", p0, p1, p2));\n\t}\n\n\tfunction log(bool p0, address p1, string memory p2) internal view {\n\t\t_sendLogPayload(abi.encodeWithSignature(\"log(bool,address,string)\", p0, p1, p2));\n\t}\n\n\tfunction log(bool p0, address p1, bool p2) internal view {\n\t\t_sendLogPayload(abi.encodeWithSignature(\"log(bool,address,bool)\", p0, p1, p2));\n\t}\n\n\tfunction log(bool p0, address p1, address p2) internal view {\n\t\t_sendLogPayload(abi.encodeWithSignature(\"log(bool,address,address)\", p0, p1, p2));\n\t}\n\n\tfunction log(address p0, uint256 p1, uint256 p2) internal view {\n\t\t_sendLogPayload(abi.encodeWithSignature(\"log(address,uint256,uint256)\", p0, p1, p2));\n\t}\n\n\tfunction log(address p0, uint256 p1, string memory p2) internal view {\n\t\t_sendLogPayload(abi.encodeWithSignature(\"log(address,uint256,string)\", p0, p1, p2));\n\t}\n\n\tfunction log(address p0, uint256 p1, bool p2) internal view {\n\t\t_sendLogPayload(abi.encodeWithSignature(\"log(address,uint256,bool)\", p0, p1, p2));\n\t}\n\n\tfunction log(address p0, uint256 p1, address p2) internal view {\n\t\t_sendLogPayload(abi.encodeWithSignature(\"log(address,uint256,address)\", p0, p1, p2));\n\t}\n\n\tfunction log(address p0, string memory p1, uint256 p2) internal view {\n\t\t_sendLogPayload(abi.encodeWithSignature(\"log(address,string,uint256)\", p0, p1, p2));\n\t}\n\n\tfunction log(address p0, string memory p1, string memory p2) internal view {\n\t\t_sendLogPayload(abi.encodeWithSignature(\"log(address,string,string)\", p0, p1, p2));\n\t}\n\n\tfunction log(address p0, string memory p1, bool p2) internal view {\n\t\t_sendLogPayload(abi.encodeWithSignature(\"log(address,string,bool)\", p0, p1, p2));\n\t}\n\n\tfunction log(address p0, string memory p1, address p2) internal view {\n\t\t_sendLogPayload(abi.encodeWithSignature(\"log(address,string,address)\", p0, p1, p2));\n\t}\n\n\tfunction log(address p0, bool p1, uint256 p2) internal view {\n\t\t_sendLogPayload(abi.encodeWithSignature(\"log(address,bool,uint256)\", p0, p1, p2));\n\t}\n\n\tfunction log(address p0, bool p1, string memory p2) internal view {\n\t\t_sendLogPayload(abi.encodeWithSignature(\"log(address,bool,string)\", p0, p1, p2));\n\t}\n\n\tfunction log(address p0, bool p1, bool p2) internal view {\n\t\t_sendLogPayload(abi.encodeWithSignature(\"log(address,bool,bool)\", p0, p1, p2));\n\t}\n\n\tfunction log(address p0, bool p1, address p2) internal view {\n\t\t_sendLogPayload(abi.encodeWithSignature(\"log(address,bool,address)\", p0, p1, p2));\n\t}\n\n\tfunction log(address p0, address p1, uint256 p2) internal view {\n\t\t_sendLogPayload(abi.encodeWithSignature(\"log(address,address,uint256)\", p0, p1, p2));\n\t}\n\n\tfunction log(address p0, address p1, string memory p2) internal view {\n\t\t_sendLogPayload(abi.encodeWithSignature(\"log(address,address,string)\", p0, p1, p2));\n\t}\n\n\tfunction log(address p0, address p1, bool p2) internal view {\n\t\t_sendLogPayload(abi.encodeWithSignature(\"log(address,address,bool)\", p0, p1, p2));\n\t}\n\n\tfunction log(address p0, address p1, address p2) internal view {\n\t\t_sendLogPayload(abi.encodeWithSignature(\"log(address,address,address)\", p0, p1, p2));\n\t}\n\n\tfunction log(uint256 p0, uint256 p1, uint256 p2, uint256 p3) internal view {\n\t\t_sendLogPayload(abi.encodeWithSignature(\"log(uint256,uint256,uint256,uint256)\", p0, p1, p2, p3));\n\t}\n\n\tfunction log(uint256 p0, uint256 p1, uint256 p2, string memory p3) internal view {\n\t\t_sendLogPayload(abi.encodeWithSignature(\"log(uint256,uint256,uint256,string)\", p0, p1, p2, p3));\n\t}\n\n\tfunction log(uint256 p0, uint256 p1, uint256 p2, bool p3) internal view {\n\t\t_sendLogPayload(abi.encodeWithSignature(\"log(uint256,uint256,uint256,bool)\", p0, p1, p2, p3));\n\t}\n\n\tfunction log(uint256 p0, uint256 p1, uint256 p2, address p3) internal view {\n\t\t_sendLogPayload(abi.encodeWithSignature(\"log(uint256,uint256,uint256,address)\", p0, p1, p2, p3));\n\t}\n\n\tfunction log(uint256 p0, uint256 p1, string memory p2, uint256 p3) internal view {\n\t\t_sendLogPayload(abi.encodeWithSignature(\"log(uint256,uint256,string,uint256)\", p0, p1, p2, p3));\n\t}\n\n\tfunction log(uint256 p0, uint256 p1, string memory p2, string memory p3) internal view {\n\t\t_sendLogPayload(abi.encodeWithSignature(\"log(uint256,uint256,string,string)\", p0, p1, p2, p3));\n\t}\n\n\tfunction log(uint256 p0, uint256 p1, string memory p2, bool p3) internal view {\n\t\t_sendLogPayload(abi.encodeWithSignature(\"log(uint256,uint256,string,bool)\", p0, p1, p2, p3));\n\t}\n\n\tfunction log(uint256 p0, uint256 p1, string memory p2, address p3) internal view {\n\t\t_sendLogPayload(abi.encodeWithSignature(\"log(uint256,uint256,string,address)\", p0, p1, p2, p3));\n\t}\n\n\tfunction log(uint256 p0, uint256 p1, bool p2, uint256 p3) internal view {\n\t\t_sendLogPayload(abi.encodeWithSignature(\"log(uint256,uint256,bool,uint256)\", p0, p1, p2, p3));\n\t}\n\n\tfunction log(uint256 p0, uint256 p1, bool p2, string memory p3) internal view {\n\t\t_sendLogPayload(abi.encodeWithSignature(\"log(uint256,uint256,bool,string)\", p0, p1, p2, p3));\n\t}\n\n\tfunction log(uint256 p0, uint256 p1, bool p2, bool p3) internal view {\n\t\t_sendLogPayload(abi.encodeWithSignature(\"log(uint256,uint256,bool,bool)\", p0, p1, p2, p3));\n\t}\n\n\tfunction log(uint256 p0, uint256 p1, bool p2, address p3) internal view {\n\t\t_sendLogPayload(abi.encodeWithSignature(\"log(uint256,uint256,bool,address)\", p0, p1, p2, p3));\n\t}\n\n\tfunction log(uint256 p0, uint256 p1, address p2, uint256 p3) internal view {\n\t\t_sendLogPayload(abi.encodeWithSignature(\"log(uint256,uint256,address,uint256)\", p0, p1, p2, p3));\n\t}\n\n\tfunction log(uint256 p0, uint256 p1, address p2, string memory p3) internal view {\n\t\t_sendLogPayload(abi.encodeWithSignature(\"log(uint256,uint256,address,string)\", p0, p1, p2, p3));\n\t}\n\n\tfunction log(uint256 p0, uint256 p1, address p2, bool p3) internal view {\n\t\t_sendLogPayload(abi.encodeWithSignature(\"log(uint256,uint256,address,bool)\", p0, p1, p2, p3));\n\t}\n\n\tfunction log(uint256 p0, uint256 p1, address p2, address p3) internal view {\n\t\t_sendLogPayload(abi.encodeWithSignature(\"log(uint256,uint256,address,address)\", p0, p1, p2, p3));\n\t}\n\n\tfunction log(uint256 p0, string memory p1, uint256 p2, uint256 p3) internal view {\n\t\t_sendLogPayload(abi.encodeWithSignature(\"log(uint256,string,uint256,uint256)\", p0, p1, p2, p3));\n\t}\n\n\tfunction log(uint256 p0, string memory p1, uint256 p2, string memory p3) internal view {\n\t\t_sendLogPayload(abi.encodeWithSignature(\"log(uint256,string,uint256,string)\", p0, p1, p2, p3));\n\t}\n\n\tfunction log(uint256 p0, string memory p1, uint256 p2, bool p3) internal view {\n\t\t_sendLogPayload(abi.encodeWithSignature(\"log(uint256,string,uint256,bool)\", p0, p1, p2, p3));\n\t}\n\n\tfunction log(uint256 p0, string memory p1, uint256 p2, address p3) internal view {\n\t\t_sendLogPayload(abi.encodeWithSignature(\"log(uint256,string,uint256,address)\", p0, p1, p2, p3));\n\t}\n\n\tfunction log(uint256 p0, string memory p1, string memory p2, uint256 p3) internal view {\n\t\t_sendLogPayload(abi.encodeWithSignature(\"log(uint256,string,string,uint256)\", p0, p1, p2, p3));\n\t}\n\n\tfunction log(uint256 p0, string memory p1, string memory p2, string memory p3) internal view {\n\t\t_sendLogPayload(abi.encodeWithSignature(\"log(uint256,string,string,string)\", p0, p1, p2, p3));\n\t}\n\n\tfunction log(uint256 p0, string memory p1, string memory p2, bool p3) internal view {\n\t\t_sendLogPayload(abi.encodeWithSignature(\"log(uint256,string,string,bool)\", p0, p1, p2, p3));\n\t}\n\n\tfunction log(uint256 p0, string memory p1, string memory p2, address p3) internal view {\n\t\t_sendLogPayload(abi.encodeWithSignature(\"log(uint256,string,string,address)\", p0, p1, p2, p3));\n\t}\n\n\tfunction log(uint256 p0, string memory p1, bool p2, uint256 p3) internal view {\n\t\t_sendLogPayload(abi.encodeWithSignature(\"log(uint256,string,bool,uint256)\", p0, p1, p2, p3));\n\t}\n\n\tfunction log(uint256 p0, string memory p1, bool p2, string memory p3) internal view {\n\t\t_sendLogPayload(abi.encodeWithSignature(\"log(uint256,string,bool,string)\", p0, p1, p2, p3));\n\t}\n\n\tfunction log(uint256 p0, string memory p1, bool p2, bool p3) internal view {\n\t\t_sendLogPayload(abi.encodeWithSignature(\"log(uint256,string,bool,bool)\", p0, p1, p2, p3));\n\t}\n\n\tfunction log(uint256 p0, string memory p1, bool p2, address p3) internal view {\n\t\t_sendLogPayload(abi.encodeWithSignature(\"log(uint256,string,bool,address)\", p0, p1, p2, p3));\n\t}\n\n\tfunction log(uint256 p0, string memory p1, address p2, uint256 p3) internal view {\n\t\t_sendLogPayload(abi.encodeWithSignature(\"log(uint256,string,address,uint256)\", p0, p1, p2, p3));\n\t}\n\n\tfunction log(uint256 p0, string memory p1, address p2, string memory p3) internal view {\n\t\t_sendLogPayload(abi.encodeWithSignature(\"log(uint256,string,address,string)\", p0, p1, p2, p3));\n\t}\n\n\tfunction log(uint256 p0, string memory p1, address p2, bool p3) internal view {\n\t\t_sendLogPayload(abi.encodeWithSignature(\"log(uint256,string,address,bool)\", p0, p1, p2, p3));\n\t}\n\n\tfunction log(uint256 p0, string memory p1, address p2, address p3) internal view {\n\t\t_sendLogPayload(abi.encodeWithSignature(\"log(uint256,string,address,address)\", p0, p1, p2, p3));\n\t}\n\n\tfunction log(uint256 p0, bool p1, uint256 p2, uint256 p3) internal view {\n\t\t_sendLogPayload(abi.encodeWithSignature(\"log(uint256,bool,uint256,uint256)\", p0, p1, p2, p3));\n\t}\n\n\tfunction log(uint256 p0, bool p1, uint256 p2, string memory p3) internal view {\n\t\t_sendLogPayload(abi.encodeWithSignature(\"log(uint256,bool,uint256,string)\", p0, p1, p2, p3));\n\t}\n\n\tfunction log(uint256 p0, bool p1, uint256 p2, bool p3) internal view {\n\t\t_sendLogPayload(abi.encodeWithSignature(\"log(uint256,bool,uint256,bool)\", p0, p1, p2, p3));\n\t}\n\n\tfunction log(uint256 p0, bool p1, uint256 p2, address p3) internal view {\n\t\t_sendLogPayload(abi.encodeWithSignature(\"log(uint256,bool,uint256,address)\", p0, p1, p2, p3));\n\t}\n\n\tfunction log(uint256 p0, bool p1, string memory p2, uint256 p3) internal view {\n\t\t_sendLogPayload(abi.encodeWithSignature(\"log(uint256,bool,string,uint256)\", p0, p1, p2, p3));\n\t}\n\n\tfunction log(uint256 p0, bool p1, string memory p2, string memory p3) internal view {\n\t\t_sendLogPayload(abi.encodeWithSignature(\"log(uint256,bool,string,string)\", p0, p1, p2, p3));\n\t}\n\n\tfunction log(uint256 p0, bool p1, string memory p2, bool p3) internal view {\n\t\t_sendLogPayload(abi.encodeWithSignature(\"log(uint256,bool,string,bool)\", p0, p1, p2, p3));\n\t}\n\n\tfunction log(uint256 p0, bool p1, string memory p2, address p3) internal view {\n\t\t_sendLogPayload(abi.encodeWithSignature(\"log(uint256,bool,string,address)\", p0, p1, p2, p3));\n\t}\n\n\tfunction log(uint256 p0, bool p1, bool p2, uint256 p3) internal view {\n\t\t_sendLogPayload(abi.encodeWithSignature(\"log(uint256,bool,bool,uint256)\", p0, p1, p2, p3));\n\t}\n\n\tfunction log(uint256 p0, bool p1, bool p2, string memory p3) internal view {\n\t\t_sendLogPayload(abi.encodeWithSignature(\"log(uint256,bool,bool,string)\", p0, p1, p2, p3));\n\t}\n\n\tfunction log(uint256 p0, bool p1, bool p2, bool p3) internal view {\n\t\t_sendLogPayload(abi.encodeWithSignature(\"log(uint256,bool,bool,bool)\", p0, p1, p2, p3));\n\t}\n\n\tfunction log(uint256 p0, bool p1, bool p2, address p3) internal view {\n\t\t_sendLogPayload(abi.encodeWithSignature(\"log(uint256,bool,bool,address)\", p0, p1, p2, p3));\n\t}\n\n\tfunction log(uint256 p0, bool p1, address p2, uint256 p3) internal view {\n\t\t_sendLogPayload(abi.encodeWithSignature(\"log(uint256,bool,address,uint256)\", p0, p1, p2, p3));\n\t}\n\n\tfunction log(uint256 p0, bool p1, address p2, string memory p3) internal view {\n\t\t_sendLogPayload(abi.encodeWithSignature(\"log(uint256,bool,address,string)\", p0, p1, p2, p3));\n\t}\n\n\tfunction log(uint256 p0, bool p1, address p2, bool p3) internal view {\n\t\t_sendLogPayload(abi.encodeWithSignature(\"log(uint256,bool,address,bool)\", p0, p1, p2, p3));\n\t}\n\n\tfunction log(uint256 p0, bool p1, address p2, address p3) internal view {\n\t\t_sendLogPayload(abi.encodeWithSignature(\"log(uint256,bool,address,address)\", p0, p1, p2, p3));\n\t}\n\n\tfunction log(uint256 p0, address p1, uint256 p2, uint256 p3) internal view {\n\t\t_sendLogPayload(abi.encodeWithSignature(\"log(uint256,address,uint256,uint256)\", p0, p1, p2, p3));\n\t}\n\n\tfunction log(uint256 p0, address p1, uint256 p2, string memory p3) internal view {\n\t\t_sendLogPayload(abi.encodeWithSignature(\"log(uint256,address,uint256,string)\", p0, p1, p2, p3));\n\t}\n\n\tfunction log(uint256 p0, address p1, uint256 p2, bool p3) internal view {\n\t\t_sendLogPayload(abi.encodeWithSignature(\"log(uint256,address,uint256,bool)\", p0, p1, p2, p3));\n\t}\n\n\tfunction log(uint256 p0, address p1, uint256 p2, address p3) internal view {\n\t\t_sendLogPayload(abi.encodeWithSignature(\"log(uint256,address,uint256,address)\", p0, p1, p2, p3));\n\t}\n\n\tfunction log(uint256 p0, address p1, string memory p2, uint256 p3) internal view {\n\t\t_sendLogPayload(abi.encodeWithSignature(\"log(uint256,address,string,uint256)\", p0, p1, p2, p3));\n\t}\n\n\tfunction log(uint256 p0, address p1, string memory p2, string memory p3) internal view {\n\t\t_sendLogPayload(abi.encodeWithSignature(\"log(uint256,address,string,string)\", p0, p1, p2, p3));\n\t}\n\n\tfunction log(uint256 p0, address p1, string memory p2, bool p3) internal view {\n\t\t_sendLogPayload(abi.encodeWithSignature(\"log(uint256,address,string,bool)\", p0, p1, p2, p3));\n\t}\n\n\tfunction log(uint256 p0, address p1, string memory p2, address p3) internal view {\n\t\t_sendLogPayload(abi.encodeWithSignature(\"log(uint256,address,string,address)\", p0, p1, p2, p3));\n\t}\n\n\tfunction log(uint256 p0, address p1, bool p2, uint256 p3) internal view {\n\t\t_sendLogPayload(abi.encodeWithSignature(\"log(uint256,address,bool,uint256)\", p0, p1, p2, p3));\n\t}\n\n\tfunction log(uint256 p0, address p1, bool p2, string memory p3) internal view {\n\t\t_sendLogPayload(abi.encodeWithSignature(\"log(uint256,address,bool,string)\", p0, p1, p2, p3));\n\t}\n\n\tfunction log(uint256 p0, address p1, bool p2, bool p3) internal view {\n\t\t_sendLogPayload(abi.encodeWithSignature(\"log(uint256,address,bool,bool)\", p0, p1, p2, p3));\n\t}\n\n\tfunction log(uint256 p0, address p1, bool p2, address p3) internal view {\n\t\t_sendLogPayload(abi.encodeWithSignature(\"log(uint256,address,bool,address)\", p0, p1, p2, p3));\n\t}\n\n\tfunction log(uint256 p0, address p1, address p2, uint256 p3) internal view {\n\t\t_sendLogPayload(abi.encodeWithSignature(\"log(uint256,address,address,uint256)\", p0, p1, p2, p3));\n\t}\n\n\tfunction log(uint256 p0, address p1, address p2, string memory p3) internal view {\n\t\t_sendLogPayload(abi.encodeWithSignature(\"log(uint256,address,address,string)\", p0, p1, p2, p3));\n\t}\n\n\tfunction log(uint256 p0, address p1, address p2, bool p3) internal view {\n\t\t_sendLogPayload(abi.encodeWithSignature(\"log(uint256,address,address,bool)\", p0, p1, p2, p3));\n\t}\n\n\tfunction log(uint256 p0, address p1, address p2, address p3) internal view {\n\t\t_sendLogPayload(abi.encodeWithSignature(\"log(uint256,address,address,address)\", p0, p1, p2, p3));\n\t}\n\n\tfunction log(string memory p0, uint256 p1, uint256 p2, uint256 p3) internal view {\n\t\t_sendLogPayload(abi.encodeWithSignature(\"log(string,uint256,uint256,uint256)\", p0, p1, p2, p3));\n\t}\n\n\tfunction log(string memory p0, uint256 p1, uint256 p2, string memory p3) internal view {\n\t\t_sendLogPayload(abi.encodeWithSignature(\"log(string,uint256,uint256,string)\", p0, p1, p2, p3));\n\t}\n\n\tfunction log(string memory p0, uint256 p1, uint256 p2, bool p3) internal view {\n\t\t_sendLogPayload(abi.encodeWithSignature(\"log(string,uint256,uint256,bool)\", p0, p1, p2, p3));\n\t}\n\n\tfunction log(string memory p0, uint256 p1, uint256 p2, address p3) internal view {\n\t\t_sendLogPayload(abi.encodeWithSignature(\"log(string,uint256,uint256,address)\", p0, p1, p2, p3));\n\t}\n\n\tfunction log(string memory p0, uint256 p1, string memory p2, uint256 p3) internal view {\n\t\t_sendLogPayload(abi.encodeWithSignature(\"log(string,uint256,string,uint256)\", p0, p1, p2, p3));\n\t}\n\n\tfunction log(string memory p0, uint256 p1, string memory p2, string memory p3) internal view {\n\t\t_sendLogPayload(abi.encodeWithSignature(\"log(string,uint256,string,string)\", p0, p1, p2, p3));\n\t}\n\n\tfunction log(string memory p0, uint256 p1, string memory p2, bool p3) internal view {\n\t\t_sendLogPayload(abi.encodeWithSignature(\"log(string,uint256,string,bool)\", p0, p1, p2, p3));\n\t}\n\n\tfunction log(string memory p0, uint256 p1, string memory p2, address p3) internal view {\n\t\t_sendLogPayload(abi.encodeWithSignature(\"log(string,uint256,string,address)\", p0, p1, p2, p3));\n\t}\n\n\tfunction log(string memory p0, uint256 p1, bool p2, uint256 p3) internal view {\n\t\t_sendLogPayload(abi.encodeWithSignature(\"log(string,uint256,bool,uint256)\", p0, p1, p2, p3));\n\t}\n\n\tfunction log(string memory p0, uint256 p1, bool p2, string memory p3) internal view {\n\t\t_sendLogPayload(abi.encodeWithSignature(\"log(string,uint256,bool,string)\", p0, p1, p2, p3));\n\t}\n\n\tfunction log(string memory p0, uint256 p1, bool p2, bool p3) internal view {\n\t\t_sendLogPayload(abi.encodeWithSignature(\"log(string,uint256,bool,bool)\", p0, p1, p2, p3));\n\t}\n\n\tfunction log(string memory p0, uint256 p1, bool p2, address p3) internal view {\n\t\t_sendLogPayload(abi.encodeWithSignature(\"log(string,uint256,bool,address)\", p0, p1, p2, p3));\n\t}\n\n\tfunction log(string memory p0, uint256 p1, address p2, uint256 p3) internal view {\n\t\t_sendLogPayload(abi.encodeWithSignature(\"log(string,uint256,address,uint256)\", p0, p1, p2, p3));\n\t}\n\n\tfunction log(string memory p0, uint256 p1, address p2, string memory p3) internal view {\n\t\t_sendLogPayload(abi.encodeWithSignature(\"log(string,uint256,address,string)\", p0, p1, p2, p3));\n\t}\n\n\tfunction log(string memory p0, uint256 p1, address p2, bool p3) internal view {\n\t\t_sendLogPayload(abi.encodeWithSignature(\"log(string,uint256,address,bool)\", p0, p1, p2, p3));\n\t}\n\n\tfunction log(string memory p0, uint256 p1, address p2, address p3) internal view {\n\t\t_sendLogPayload(abi.encodeWithSignature(\"log(string,uint256,address,address)\", p0, p1, p2, p3));\n\t}\n\n\tfunction log(string memory p0, string memory p1, uint256 p2, uint256 p3) internal view {\n\t\t_sendLogPayload(abi.encodeWithSignature(\"log(string,string,uint256,uint256)\", p0, p1, p2, p3));\n\t}\n\n\tfunction log(string memory p0, string memory p1, uint256 p2, string memory p3) internal view {\n\t\t_sendLogPayload(abi.encodeWithSignature(\"log(string,string,uint256,string)\", p0, p1, p2, p3));\n\t}\n\n\tfunction log(string memory p0, string memory p1, uint256 p2, bool p3) internal view {\n\t\t_sendLogPayload(abi.encodeWithSignature(\"log(string,string,uint256,bool)\", p0, p1, p2, p3));\n\t}\n\n\tfunction log(string memory p0, string memory p1, uint256 p2, address p3) internal view {\n\t\t_sendLogPayload(abi.encodeWithSignature(\"log(string,string,uint256,address)\", p0, p1, p2, p3));\n\t}\n\n\tfunction log(string memory p0, string memory p1, string memory p2, uint256 p3) internal view {\n\t\t_sendLogPayload(abi.encodeWithSignature(\"log(string,string,string,uint256)\", p0, p1, p2, p3));\n\t}\n\n\tfunction log(string memory p0, string memory p1, string memory p2, string memory p3) internal view {\n\t\t_sendLogPayload(abi.encodeWithSignature(\"log(string,string,string,string)\", p0, p1, p2, p3));\n\t}\n\n\tfunction log(string memory p0, string memory p1, string memory p2, bool p3) internal view {\n\t\t_sendLogPayload(abi.encodeWithSignature(\"log(string,string,string,bool)\", p0, p1, p2, p3));\n\t}\n\n\tfunction log(string memory p0, string memory p1, string memory p2, address p3) internal view {\n\t\t_sendLogPayload(abi.encodeWithSignature(\"log(string,string,string,address)\", p0, p1, p2, p3));\n\t}\n\n\tfunction log(string memory p0, string memory p1, bool p2, uint256 p3) internal view {\n\t\t_sendLogPayload(abi.encodeWithSignature(\"log(string,string,bool,uint256)\", p0, p1, p2, p3));\n\t}\n\n\tfunction log(string memory p0, string memory p1, bool p2, string memory p3) internal view {\n\t\t_sendLogPayload(abi.encodeWithSignature(\"log(string,string,bool,string)\", p0, p1, p2, p3));\n\t}\n\n\tfunction log(string memory p0, string memory p1, bool p2, bool p3) internal view {\n\t\t_sendLogPayload(abi.encodeWithSignature(\"log(string,string,bool,bool)\", p0, p1, p2, p3));\n\t}\n\n\tfunction log(string memory p0, string memory p1, bool p2, address p3) internal view {\n\t\t_sendLogPayload(abi.encodeWithSignature(\"log(string,string,bool,address)\", p0, p1, p2, p3));\n\t}\n\n\tfunction log(string memory p0, string memory p1, address p2, uint256 p3) internal view {\n\t\t_sendLogPayload(abi.encodeWithSignature(\"log(string,string,address,uint256)\", p0, p1, p2, p3));\n\t}\n\n\tfunction log(string memory p0, string memory p1, address p2, string memory p3) internal view {\n\t\t_sendLogPayload(abi.encodeWithSignature(\"log(string,string,address,string)\", p0, p1, p2, p3));\n\t}\n\n\tfunction log(string memory p0, string memory p1, address p2, bool p3) internal view {\n\t\t_sendLogPayload(abi.encodeWithSignature(\"log(string,string,address,bool)\", p0, p1, p2, p3));\n\t}\n\n\tfunction log(string memory p0, string memory p1, address p2, address p3) internal view {\n\t\t_sendLogPayload(abi.encodeWithSignature(\"log(string,string,address,address)\", p0, p1, p2, p3));\n\t}\n\n\tfunction log(string memory p0, bool p1, uint256 p2, uint256 p3) internal view {\n\t\t_sendLogPayload(abi.encodeWithSignature(\"log(string,bool,uint256,uint256)\", p0, p1, p2, p3));\n\t}\n\n\tfunction log(string memory p0, bool p1, uint256 p2, string memory p3) internal view {\n\t\t_sendLogPayload(abi.encodeWithSignature(\"log(string,bool,uint256,string)\", p0, p1, p2, p3));\n\t}\n\n\tfunction log(string memory p0, bool p1, uint256 p2, bool p3) internal view {\n\t\t_sendLogPayload(abi.encodeWithSignature(\"log(string,bool,uint256,bool)\", p0, p1, p2, p3));\n\t}\n\n\tfunction log(string memory p0, bool p1, uint256 p2, address p3) internal view {\n\t\t_sendLogPayload(abi.encodeWithSignature(\"log(string,bool,uint256,address)\", p0, p1, p2, p3));\n\t}\n\n\tfunction log(string memory p0, bool p1, string memory p2, uint256 p3) internal view {\n\t\t_sendLogPayload(abi.encodeWithSignature(\"log(string,bool,string,uint256)\", p0, p1, p2, p3));\n\t}\n\n\tfunction log(string memory p0, bool p1, string memory p2, string memory p3) internal view {\n\t\t_sendLogPayload(abi.encodeWithSignature(\"log(string,bool,string,string)\", p0, p1, p2, p3));\n\t}\n\n\tfunction log(string memory p0, bool p1, string memory p2, bool p3) internal view {\n\t\t_sendLogPayload(abi.encodeWithSignature(\"log(string,bool,string,bool)\", p0, p1, p2, p3));\n\t}\n\n\tfunction log(string memory p0, bool p1, string memory p2, address p3) internal view {\n\t\t_sendLogPayload(abi.encodeWithSignature(\"log(string,bool,string,address)\", p0, p1, p2, p3));\n\t}\n\n\tfunction log(string memory p0, bool p1, bool p2, uint256 p3) internal view {\n\t\t_sendLogPayload(abi.encodeWithSignature(\"log(string,bool,bool,uint256)\", p0, p1, p2, p3));\n\t}\n\n\tfunction log(string memory p0, bool p1, bool p2, string memory p3) internal view {\n\t\t_sendLogPayload(abi.encodeWithSignature(\"log(string,bool,bool,string)\", p0, p1, p2, p3));\n\t}\n\n\tfunction log(string memory p0, bool p1, bool p2, bool p3) internal view {\n\t\t_sendLogPayload(abi.encodeWithSignature(\"log(string,bool,bool,bool)\", p0, p1, p2, p3));\n\t}\n\n\tfunction log(string memory p0, bool p1, bool p2, address p3) internal view {\n\t\t_sendLogPayload(abi.encodeWithSignature(\"log(string,bool,bool,address)\", p0, p1, p2, p3));\n\t}\n\n\tfunction log(string memory p0, bool p1, address p2, uint256 p3) internal view {\n\t\t_sendLogPayload(abi.encodeWithSignature(\"log(string,bool,address,uint256)\", p0, p1, p2, p3));\n\t}\n\n\tfunction log(string memory p0, bool p1, address p2, string memory p3) internal view {\n\t\t_sendLogPayload(abi.encodeWithSignature(\"log(string,bool,address,string)\", p0, p1, p2, p3));\n\t}\n\n\tfunction log(string memory p0, bool p1, address p2, bool p3) internal view {\n\t\t_sendLogPayload(abi.encodeWithSignature(\"log(string,bool,address,bool)\", p0, p1, p2, p3));\n\t}\n\n\tfunction log(string memory p0, bool p1, address p2, address p3) internal view {\n\t\t_sendLogPayload(abi.encodeWithSignature(\"log(string,bool,address,address)\", p0, p1, p2, p3));\n\t}\n\n\tfunction log(string memory p0, address p1, uint256 p2, uint256 p3) internal view {\n\t\t_sendLogPayload(abi.encodeWithSignature(\"log(string,address,uint256,uint256)\", p0, p1, p2, p3));\n\t}\n\n\tfunction log(string memory p0, address p1, uint256 p2, string memory p3) internal view {\n\t\t_sendLogPayload(abi.encodeWithSignature(\"log(string,address,uint256,string)\", p0, p1, p2, p3));\n\t}\n\n\tfunction log(string memory p0, address p1, uint256 p2, bool p3) internal view {\n\t\t_sendLogPayload(abi.encodeWithSignature(\"log(string,address,uint256,bool)\", p0, p1, p2, p3));\n\t}\n\n\tfunction log(string memory p0, address p1, uint256 p2, address p3) internal view {\n\t\t_sendLogPayload(abi.encodeWithSignature(\"log(string,address,uint256,address)\", p0, p1, p2, p3));\n\t}\n\n\tfunction log(string memory p0, address p1, string memory p2, uint256 p3) internal view {\n\t\t_sendLogPayload(abi.encodeWithSignature(\"log(string,address,string,uint256)\", p0, p1, p2, p3));\n\t}\n\n\tfunction log(string memory p0, address p1, string memory p2, string memory p3) internal view {\n\t\t_sendLogPayload(abi.encodeWithSignature(\"log(string,address,string,string)\", p0, p1, p2, p3));\n\t}\n\n\tfunction log(string memory p0, address p1, string memory p2, bool p3) internal view {\n\t\t_sendLogPayload(abi.encodeWithSignature(\"log(string,address,string,bool)\", p0, p1, p2, p3));\n\t}\n\n\tfunction log(string memory p0, address p1, string memory p2, address p3) internal view {\n\t\t_sendLogPayload(abi.encodeWithSignature(\"log(string,address,string,address)\", p0, p1, p2, p3));\n\t}\n\n\tfunction log(string memory p0, address p1, bool p2, uint256 p3) internal view {\n\t\t_sendLogPayload(abi.encodeWithSignature(\"log(string,address,bool,uint256)\", p0, p1, p2, p3));\n\t}\n\n\tfunction log(string memory p0, address p1, bool p2, string memory p3) internal view {\n\t\t_sendLogPayload(abi.encodeWithSignature(\"log(string,address,bool,string)\", p0, p1, p2, p3));\n\t}\n\n\tfunction log(string memory p0, address p1, bool p2, bool p3) internal view {\n\t\t_sendLogPayload(abi.encodeWithSignature(\"log(string,address,bool,bool)\", p0, p1, p2, p3));\n\t}\n\n\tfunction log(string memory p0, address p1, bool p2, address p3) internal view {\n\t\t_sendLogPayload(abi.encodeWithSignature(\"log(string,address,bool,address)\", p0, p1, p2, p3));\n\t}\n\n\tfunction log(string memory p0, address p1, address p2, uint256 p3) internal view {\n\t\t_sendLogPayload(abi.encodeWithSignature(\"log(string,address,address,uint256)\", p0, p1, p2, p3));\n\t}\n\n\tfunction log(string memory p0, address p1, address p2, string memory p3) internal view {\n\t\t_sendLogPayload(abi.encodeWithSignature(\"log(string,address,address,string)\", p0, p1, p2, p3));\n\t}\n\n\tfunction log(string memory p0, address p1, address p2, bool p3) internal view {\n\t\t_sendLogPayload(abi.encodeWithSignature(\"log(string,address,address,bool)\", p0, p1, p2, p3));\n\t}\n\n\tfunction log(string memory p0, address p1, address p2, address p3) internal view {\n\t\t_sendLogPayload(abi.encodeWithSignature(\"log(string,address,address,address)\", p0, p1, p2, p3));\n\t}\n\n\tfunction log(bool p0, uint256 p1, uint256 p2, uint256 p3) internal view {\n\t\t_sendLogPayload(abi.encodeWithSignature(\"log(bool,uint256,uint256,uint256)\", p0, p1, p2, p3));\n\t}\n\n\tfunction log(bool p0, uint256 p1, uint256 p2, string memory p3) internal view {\n\t\t_sendLogPayload(abi.encodeWithSignature(\"log(bool,uint256,uint256,string)\", p0, p1, p2, p3));\n\t}\n\n\tfunction log(bool p0, uint256 p1, uint256 p2, bool p3) internal view {\n\t\t_sendLogPayload(abi.encodeWithSignature(\"log(bool,uint256,uint256,bool)\", p0, p1, p2, p3));\n\t}\n\n\tfunction log(bool p0, uint256 p1, uint256 p2, address p3) internal view {\n\t\t_sendLogPayload(abi.encodeWithSignature(\"log(bool,uint256,uint256,address)\", p0, p1, p2, p3));\n\t}\n\n\tfunction log(bool p0, uint256 p1, string memory p2, uint256 p3) internal view {\n\t\t_sendLogPayload(abi.encodeWithSignature(\"log(bool,uint256,string,uint256)\", p0, p1, p2, p3));\n\t}\n\n\tfunction log(bool p0, uint256 p1, string memory p2, string memory p3) internal view {\n\t\t_sendLogPayload(abi.encodeWithSignature(\"log(bool,uint256,string,string)\", p0, p1, p2, p3));\n\t}\n\n\tfunction log(bool p0, uint256 p1, string memory p2, bool p3) internal view {\n\t\t_sendLogPayload(abi.encodeWithSignature(\"log(bool,uint256,string,bool)\", p0, p1, p2, p3));\n\t}\n\n\tfunction log(bool p0, uint256 p1, string memory p2, address p3) internal view {\n\t\t_sendLogPayload(abi.encodeWithSignature(\"log(bool,uint256,string,address)\", p0, p1, p2, p3));\n\t}\n\n\tfunction log(bool p0, uint256 p1, bool p2, uint256 p3) internal view {\n\t\t_sendLogPayload(abi.encodeWithSignature(\"log(bool,uint256,bool,uint256)\", p0, p1, p2, p3));\n\t}\n\n\tfunction log(bool p0, uint256 p1, bool p2, string memory p3) internal view {\n\t\t_sendLogPayload(abi.encodeWithSignature(\"log(bool,uint256,bool,string)\", p0, p1, p2, p3));\n\t}\n\n\tfunction log(bool p0, uint256 p1, bool p2, bool p3) internal view {\n\t\t_sendLogPayload(abi.encodeWithSignature(\"log(bool,uint256,bool,bool)\", p0, p1, p2, p3));\n\t}\n\n\tfunction log(bool p0, uint256 p1, bool p2, address p3) internal view {\n\t\t_sendLogPayload(abi.encodeWithSignature(\"log(bool,uint256,bool,address)\", p0, p1, p2, p3));\n\t}\n\n\tfunction log(bool p0, uint256 p1, address p2, uint256 p3) internal view {\n\t\t_sendLogPayload(abi.encodeWithSignature(\"log(bool,uint256,address,uint256)\", p0, p1, p2, p3));\n\t}\n\n\tfunction log(bool p0, uint256 p1, address p2, string memory p3) internal view {\n\t\t_sendLogPayload(abi.encodeWithSignature(\"log(bool,uint256,address,string)\", p0, p1, p2, p3));\n\t}\n\n\tfunction log(bool p0, uint256 p1, address p2, bool p3) internal view {\n\t\t_sendLogPayload(abi.encodeWithSignature(\"log(bool,uint256,address,bool)\", p0, p1, p2, p3));\n\t}\n\n\tfunction log(bool p0, uint256 p1, address p2, address p3) internal view {\n\t\t_sendLogPayload(abi.encodeWithSignature(\"log(bool,uint256,address,address)\", p0, p1, p2, p3));\n\t}\n\n\tfunction log(bool p0, string memory p1, uint256 p2, uint256 p3) internal view {\n\t\t_sendLogPayload(abi.encodeWithSignature(\"log(bool,string,uint256,uint256)\", p0, p1, p2, p3));\n\t}\n\n\tfunction log(bool p0, string memory p1, uint256 p2, string memory p3) internal view {\n\t\t_sendLogPayload(abi.encodeWithSignature(\"log(bool,string,uint256,string)\", p0, p1, p2, p3));\n\t}\n\n\tfunction log(bool p0, string memory p1, uint256 p2, bool p3) internal view {\n\t\t_sendLogPayload(abi.encodeWithSignature(\"log(bool,string,uint256,bool)\", p0, p1, p2, p3));\n\t}\n\n\tfunction log(bool p0, string memory p1, uint256 p2, address p3) internal view {\n\t\t_sendLogPayload(abi.encodeWithSignature(\"log(bool,string,uint256,address)\", p0, p1, p2, p3));\n\t}\n\n\tfunction log(bool p0, string memory p1, string memory p2, uint256 p3) internal view {\n\t\t_sendLogPayload(abi.encodeWithSignature(\"log(bool,string,string,uint256)\", p0, p1, p2, p3));\n\t}\n\n\tfunction log(bool p0, string memory p1, string memory p2, string memory p3) internal view {\n\t\t_sendLogPayload(abi.encodeWithSignature(\"log(bool,string,string,string)\", p0, p1, p2, p3));\n\t}\n\n\tfunction log(bool p0, string memory p1, string memory p2, bool p3) internal view {\n\t\t_sendLogPayload(abi.encodeWithSignature(\"log(bool,string,string,bool)\", p0, p1, p2, p3));\n\t}\n\n\tfunction log(bool p0, string memory p1, string memory p2, address p3) internal view {\n\t\t_sendLogPayload(abi.encodeWithSignature(\"log(bool,string,string,address)\", p0, p1, p2, p3));\n\t}\n\n\tfunction log(bool p0, string memory p1, bool p2, uint256 p3) internal view {\n\t\t_sendLogPayload(abi.encodeWithSignature(\"log(bool,string,bool,uint256)\", p0, p1, p2, p3));\n\t}\n\n\tfunction log(bool p0, string memory p1, bool p2, string memory p3) internal view {\n\t\t_sendLogPayload(abi.encodeWithSignature(\"log(bool,string,bool,string)\", p0, p1, p2, p3));\n\t}\n\n\tfunction log(bool p0, string memory p1, bool p2, bool p3) internal view {\n\t\t_sendLogPayload(abi.encodeWithSignature(\"log(bool,string,bool,bool)\", p0, p1, p2, p3));\n\t}\n\n\tfunction log(bool p0, string memory p1, bool p2, address p3) internal view {\n\t\t_sendLogPayload(abi.encodeWithSignature(\"log(bool,string,bool,address)\", p0, p1, p2, p3));\n\t}\n\n\tfunction log(bool p0, string memory p1, address p2, uint256 p3) internal view {\n\t\t_sendLogPayload(abi.encodeWithSignature(\"log(bool,string,address,uint256)\", p0, p1, p2, p3));\n\t}\n\n\tfunction log(bool p0, string memory p1, address p2, string memory p3) internal view {\n\t\t_sendLogPayload(abi.encodeWithSignature(\"log(bool,string,address,string)\", p0, p1, p2, p3));\n\t}\n\n\tfunction log(bool p0, string memory p1, address p2, bool p3) internal view {\n\t\t_sendLogPayload(abi.encodeWithSignature(\"log(bool,string,address,bool)\", p0, p1, p2, p3));\n\t}\n\n\tfunction log(bool p0, string memory p1, address p2, address p3) internal view {\n\t\t_sendLogPayload(abi.encodeWithSignature(\"log(bool,string,address,address)\", p0, p1, p2, p3));\n\t}\n\n\tfunction log(bool p0, bool p1, uint256 p2, uint256 p3) internal view {\n\t\t_sendLogPayload(abi.encodeWithSignature(\"log(bool,bool,uint256,uint256)\", p0, p1, p2, p3));\n\t}\n\n\tfunction log(bool p0, bool p1, uint256 p2, string memory p3) internal view {\n\t\t_sendLogPayload(abi.encodeWithSignature(\"log(bool,bool,uint256,string)\", p0, p1, p2, p3));\n\t}\n\n\tfunction log(bool p0, bool p1, uint256 p2, bool p3) internal view {\n\t\t_sendLogPayload(abi.encodeWithSignature(\"log(bool,bool,uint256,bool)\", p0, p1, p2, p3));\n\t}\n\n\tfunction log(bool p0, bool p1, uint256 p2, address p3) internal view {\n\t\t_sendLogPayload(abi.encodeWithSignature(\"log(bool,bool,uint256,address)\", p0, p1, p2, p3));\n\t}\n\n\tfunction log(bool p0, bool p1, string memory p2, uint256 p3) internal view {\n\t\t_sendLogPayload(abi.encodeWithSignature(\"log(bool,bool,string,uint256)\", p0, p1, p2, p3));\n\t}\n\n\tfunction log(bool p0, bool p1, string memory p2, string memory p3) internal view {\n\t\t_sendLogPayload(abi.encodeWithSignature(\"log(bool,bool,string,string)\", p0, p1, p2, p3));\n\t}\n\n\tfunction log(bool p0, bool p1, string memory p2, bool p3) internal view {\n\t\t_sendLogPayload(abi.encodeWithSignature(\"log(bool,bool,string,bool)\", p0, p1, p2, p3));\n\t}\n\n\tfunction log(bool p0, bool p1, string memory p2, address p3) internal view {\n\t\t_sendLogPayload(abi.encodeWithSignature(\"log(bool,bool,string,address)\", p0, p1, p2, p3));\n\t}\n\n\tfunction log(bool p0, bool p1, bool p2, uint256 p3) internal view {\n\t\t_sendLogPayload(abi.encodeWithSignature(\"log(bool,bool,bool,uint256)\", p0, p1, p2, p3));\n\t}\n\n\tfunction log(bool p0, bool p1, bool p2, string memory p3) internal view {\n\t\t_sendLogPayload(abi.encodeWithSignature(\"log(bool,bool,bool,string)\", p0, p1, p2, p3));\n\t}\n\n\tfunction log(bool p0, bool p1, bool p2, bool p3) internal view {\n\t\t_sendLogPayload(abi.encodeWithSignature(\"log(bool,bool,bool,bool)\", p0, p1, p2, p3));\n\t}\n\n\tfunction log(bool p0, bool p1, bool p2, address p3) internal view {\n\t\t_sendLogPayload(abi.encodeWithSignature(\"log(bool,bool,bool,address)\", p0, p1, p2, p3));\n\t}\n\n\tfunction log(bool p0, bool p1, address p2, uint256 p3) internal view {\n\t\t_sendLogPayload(abi.encodeWithSignature(\"log(bool,bool,address,uint256)\", p0, p1, p2, p3));\n\t}\n\n\tfunction log(bool p0, bool p1, address p2, string memory p3) internal view {\n\t\t_sendLogPayload(abi.encodeWithSignature(\"log(bool,bool,address,string)\", p0, p1, p2, p3));\n\t}\n\n\tfunction log(bool p0, bool p1, address p2, bool p3) internal view {\n\t\t_sendLogPayload(abi.encodeWithSignature(\"log(bool,bool,address,bool)\", p0, p1, p2, p3));\n\t}\n\n\tfunction log(bool p0, bool p1, address p2, address p3) internal view {\n\t\t_sendLogPayload(abi.encodeWithSignature(\"log(bool,bool,address,address)\", p0, p1, p2, p3));\n\t}\n\n\tfunction log(bool p0, address p1, uint256 p2, uint256 p3) internal view {\n\t\t_sendLogPayload(abi.encodeWithSignature(\"log(bool,address,uint256,uint256)\", p0, p1, p2, p3));\n\t}\n\n\tfunction log(bool p0, address p1, uint256 p2, string memory p3) internal view {\n\t\t_sendLogPayload(abi.encodeWithSignature(\"log(bool,address,uint256,string)\", p0, p1, p2, p3));\n\t}\n\n\tfunction log(bool p0, address p1, uint256 p2, bool p3) internal view {\n\t\t_sendLogPayload(abi.encodeWithSignature(\"log(bool,address,uint256,bool)\", p0, p1, p2, p3));\n\t}\n\n\tfunction log(bool p0, address p1, uint256 p2, address p3) internal view {\n\t\t_sendLogPayload(abi.encodeWithSignature(\"log(bool,address,uint256,address)\", p0, p1, p2, p3));\n\t}\n\n\tfunction log(bool p0, address p1, string memory p2, uint256 p3) internal view {\n\t\t_sendLogPayload(abi.encodeWithSignature(\"log(bool,address,string,uint256)\", p0, p1, p2, p3));\n\t}\n\n\tfunction log(bool p0, address p1, string memory p2, string memory p3) internal view {\n\t\t_sendLogPayload(abi.encodeWithSignature(\"log(bool,address,string,string)\", p0, p1, p2, p3));\n\t}\n\n\tfunction log(bool p0, address p1, string memory p2, bool p3) internal view {\n\t\t_sendLogPayload(abi.encodeWithSignature(\"log(bool,address,string,bool)\", p0, p1, p2, p3));\n\t}\n\n\tfunction log(bool p0, address p1, string memory p2, address p3) internal view {\n\t\t_sendLogPayload(abi.encodeWithSignature(\"log(bool,address,string,address)\", p0, p1, p2, p3));\n\t}\n\n\tfunction log(bool p0, address p1, bool p2, uint256 p3) internal view {\n\t\t_sendLogPayload(abi.encodeWithSignature(\"log(bool,address,bool,uint256)\", p0, p1, p2, p3));\n\t}\n\n\tfunction log(bool p0, address p1, bool p2, string memory p3) internal view {\n\t\t_sendLogPayload(abi.encodeWithSignature(\"log(bool,address,bool,string)\", p0, p1, p2, p3));\n\t}\n\n\tfunction log(bool p0, address p1, bool p2, bool p3) internal view {\n\t\t_sendLogPayload(abi.encodeWithSignature(\"log(bool,address,bool,bool)\", p0, p1, p2, p3));\n\t}\n\n\tfunction log(bool p0, address p1, bool p2, address p3) internal view {\n\t\t_sendLogPayload(abi.encodeWithSignature(\"log(bool,address,bool,address)\", p0, p1, p2, p3));\n\t}\n\n\tfunction log(bool p0, address p1, address p2, uint256 p3) internal view {\n\t\t_sendLogPayload(abi.encodeWithSignature(\"log(bool,address,address,uint256)\", p0, p1, p2, p3));\n\t}\n\n\tfunction log(bool p0, address p1, address p2, string memory p3) internal view {\n\t\t_sendLogPayload(abi.encodeWithSignature(\"log(bool,address,address,string)\", p0, p1, p2, p3));\n\t}\n\n\tfunction log(bool p0, address p1, address p2, bool p3) internal view {\n\t\t_sendLogPayload(abi.encodeWithSignature(\"log(bool,address,address,bool)\", p0, p1, p2, p3));\n\t}\n\n\tfunction log(bool p0, address p1, address p2, address p3) internal view {\n\t\t_sendLogPayload(abi.encodeWithSignature(\"log(bool,address,address,address)\", p0, p1, p2, p3));\n\t}\n\n\tfunction log(address p0, uint256 p1, uint256 p2, uint256 p3) internal view {\n\t\t_sendLogPayload(abi.encodeWithSignature(\"log(address,uint256,uint256,uint256)\", p0, p1, p2, p3));\n\t}\n\n\tfunction log(address p0, uint256 p1, uint256 p2, string memory p3) internal view {\n\t\t_sendLogPayload(abi.encodeWithSignature(\"log(address,uint256,uint256,string)\", p0, p1, p2, p3));\n\t}\n\n\tfunction log(address p0, uint256 p1, uint256 p2, bool p3) internal view {\n\t\t_sendLogPayload(abi.encodeWithSignature(\"log(address,uint256,uint256,bool)\", p0, p1, p2, p3));\n\t}\n\n\tfunction log(address p0, uint256 p1, uint256 p2, address p3) internal view {\n\t\t_sendLogPayload(abi.encodeWithSignature(\"log(address,uint256,uint256,address)\", p0, p1, p2, p3));\n\t}\n\n\tfunction log(address p0, uint256 p1, string memory p2, uint256 p3) internal view {\n\t\t_sendLogPayload(abi.encodeWithSignature(\"log(address,uint256,string,uint256)\", p0, p1, p2, p3));\n\t}\n\n\tfunction log(address p0, uint256 p1, string memory p2, string memory p3) internal view {\n\t\t_sendLogPayload(abi.encodeWithSignature(\"log(address,uint256,string,string)\", p0, p1, p2, p3));\n\t}\n\n\tfunction log(address p0, uint256 p1, string memory p2, bool p3) internal view {\n\t\t_sendLogPayload(abi.encodeWithSignature(\"log(address,uint256,string,bool)\", p0, p1, p2, p3));\n\t}\n\n\tfunction log(address p0, uint256 p1, string memory p2, address p3) internal view {\n\t\t_sendLogPayload(abi.encodeWithSignature(\"log(address,uint256,string,address)\", p0, p1, p2, p3));\n\t}\n\n\tfunction log(address p0, uint256 p1, bool p2, uint256 p3) internal view {\n\t\t_sendLogPayload(abi.encodeWithSignature(\"log(address,uint256,bool,uint256)\", p0, p1, p2, p3));\n\t}\n\n\tfunction log(address p0, uint256 p1, bool p2, string memory p3) internal view {\n\t\t_sendLogPayload(abi.encodeWithSignature(\"log(address,uint256,bool,string)\", p0, p1, p2, p3));\n\t}\n\n\tfunction log(address p0, uint256 p1, bool p2, bool p3) internal view {\n\t\t_sendLogPayload(abi.encodeWithSignature(\"log(address,uint256,bool,bool)\", p0, p1, p2, p3));\n\t}\n\n\tfunction log(address p0, uint256 p1, bool p2, address p3) internal view {\n\t\t_sendLogPayload(abi.encodeWithSignature(\"log(address,uint256,bool,address)\", p0, p1, p2, p3));\n\t}\n\n\tfunction log(address p0, uint256 p1, address p2, uint256 p3) internal view {\n\t\t_sendLogPayload(abi.encodeWithSignature(\"log(address,uint256,address,uint256)\", p0, p1, p2, p3));\n\t}\n\n\tfunction log(address p0, uint256 p1, address p2, string memory p3) internal view {\n\t\t_sendLogPayload(abi.encodeWithSignature(\"log(address,uint256,address,string)\", p0, p1, p2, p3));\n\t}\n\n\tfunction log(address p0, uint256 p1, address p2, bool p3) internal view {\n\t\t_sendLogPayload(abi.encodeWithSignature(\"log(address,uint256,address,bool)\", p0, p1, p2, p3));\n\t}\n\n\tfunction log(address p0, uint256 p1, address p2, address p3) internal view {\n\t\t_sendLogPayload(abi.encodeWithSignature(\"log(address,uint256,address,address)\", p0, p1, p2, p3));\n\t}\n\n\tfunction log(address p0, string memory p1, uint256 p2, uint256 p3) internal view {\n\t\t_sendLogPayload(abi.encodeWithSignature(\"log(address,string,uint256,uint256)\", p0, p1, p2, p3));\n\t}\n\n\tfunction log(address p0, string memory p1, uint256 p2, string memory p3) internal view {\n\t\t_sendLogPayload(abi.encodeWithSignature(\"log(address,string,uint256,string)\", p0, p1, p2, p3));\n\t}\n\n\tfunction log(address p0, string memory p1, uint256 p2, bool p3) internal view {\n\t\t_sendLogPayload(abi.encodeWithSignature(\"log(address,string,uint256,bool)\", p0, p1, p2, p3));\n\t}\n\n\tfunction log(address p0, string memory p1, uint256 p2, address p3) internal view {\n\t\t_sendLogPayload(abi.encodeWithSignature(\"log(address,string,uint256,address)\", p0, p1, p2, p3));\n\t}\n\n\tfunction log(address p0, string memory p1, string memory p2, uint256 p3) internal view {\n\t\t_sendLogPayload(abi.encodeWithSignature(\"log(address,string,string,uint256)\", p0, p1, p2, p3));\n\t}\n\n\tfunction log(address p0, string memory p1, string memory p2, string memory p3) internal view {\n\t\t_sendLogPayload(abi.encodeWithSignature(\"log(address,string,string,string)\", p0, p1, p2, p3));\n\t}\n\n\tfunction log(address p0, string memory p1, string memory p2, bool p3) internal view {\n\t\t_sendLogPayload(abi.encodeWithSignature(\"log(address,string,string,bool)\", p0, p1, p2, p3));\n\t}\n\n\tfunction log(address p0, string memory p1, string memory p2, address p3) internal view {\n\t\t_sendLogPayload(abi.encodeWithSignature(\"log(address,string,string,address)\", p0, p1, p2, p3));\n\t}\n\n\tfunction log(address p0, string memory p1, bool p2, uint256 p3) internal view {\n\t\t_sendLogPayload(abi.encodeWithSignature(\"log(address,string,bool,uint256)\", p0, p1, p2, p3));\n\t}\n\n\tfunction log(address p0, string memory p1, bool p2, string memory p3) internal view {\n\t\t_sendLogPayload(abi.encodeWithSignature(\"log(address,string,bool,string)\", p0, p1, p2, p3));\n\t}\n\n\tfunction log(address p0, string memory p1, bool p2, bool p3) internal view {\n\t\t_sendLogPayload(abi.encodeWithSignature(\"log(address,string,bool,bool)\", p0, p1, p2, p3));\n\t}\n\n\tfunction log(address p0, string memory p1, bool p2, address p3) internal view {\n\t\t_sendLogPayload(abi.encodeWithSignature(\"log(address,string,bool,address)\", p0, p1, p2, p3));\n\t}\n\n\tfunction log(address p0, string memory p1, address p2, uint256 p3) internal view {\n\t\t_sendLogPayload(abi.encodeWithSignature(\"log(address,string,address,uint256)\", p0, p1, p2, p3));\n\t}\n\n\tfunction log(address p0, string memory p1, address p2, string memory p3) internal view {\n\t\t_sendLogPayload(abi.encodeWithSignature(\"log(address,string,address,string)\", p0, p1, p2, p3));\n\t}\n\n\tfunction log(address p0, string memory p1, address p2, bool p3) internal view {\n\t\t_sendLogPayload(abi.encodeWithSignature(\"log(address,string,address,bool)\", p0, p1, p2, p3));\n\t}\n\n\tfunction log(address p0, string memory p1, address p2, address p3) internal view {\n\t\t_sendLogPayload(abi.encodeWithSignature(\"log(address,string,address,address)\", p0, p1, p2, p3));\n\t}\n\n\tfunction log(address p0, bool p1, uint256 p2, uint256 p3) internal view {\n\t\t_sendLogPayload(abi.encodeWithSignature(\"log(address,bool,uint256,uint256)\", p0, p1, p2, p3));\n\t}\n\n\tfunction log(address p0, bool p1, uint256 p2, string memory p3) internal view {\n\t\t_sendLogPayload(abi.encodeWithSignature(\"log(address,bool,uint256,string)\", p0, p1, p2, p3));\n\t}\n\n\tfunction log(address p0, bool p1, uint256 p2, bool p3) internal view {\n\t\t_sendLogPayload(abi.encodeWithSignature(\"log(address,bool,uint256,bool)\", p0, p1, p2, p3));\n\t}\n\n\tfunction log(address p0, bool p1, uint256 p2, address p3) internal view {\n\t\t_sendLogPayload(abi.encodeWithSignature(\"log(address,bool,uint256,address)\", p0, p1, p2, p3));\n\t}\n\n\tfunction log(address p0, bool p1, string memory p2, uint256 p3) internal view {\n\t\t_sendLogPayload(abi.encodeWithSignature(\"log(address,bool,string,uint256)\", p0, p1, p2, p3));\n\t}\n\n\tfunction log(address p0, bool p1, string memory p2, string memory p3) internal view {\n\t\t_sendLogPayload(abi.encodeWithSignature(\"log(address,bool,string,string)\", p0, p1, p2, p3));\n\t}\n\n\tfunction log(address p0, bool p1, string memory p2, bool p3) internal view {\n\t\t_sendLogPayload(abi.encodeWithSignature(\"log(address,bool,string,bool)\", p0, p1, p2, p3));\n\t}\n\n\tfunction log(address p0, bool p1, string memory p2, address p3) internal view {\n\t\t_sendLogPayload(abi.encodeWithSignature(\"log(address,bool,string,address)\", p0, p1, p2, p3));\n\t}\n\n\tfunction log(address p0, bool p1, bool p2, uint256 p3) internal view {\n\t\t_sendLogPayload(abi.encodeWithSignature(\"log(address,bool,bool,uint256)\", p0, p1, p2, p3));\n\t}\n\n\tfunction log(address p0, bool p1, bool p2, string memory p3) internal view {\n\t\t_sendLogPayload(abi.encodeWithSignature(\"log(address,bool,bool,string)\", p0, p1, p2, p3));\n\t}\n\n\tfunction log(address p0, bool p1, bool p2, bool p3) internal view {\n\t\t_sendLogPayload(abi.encodeWithSignature(\"log(address,bool,bool,bool)\", p0, p1, p2, p3));\n\t}\n\n\tfunction log(address p0, bool p1, bool p2, address p3) internal view {\n\t\t_sendLogPayload(abi.encodeWithSignature(\"log(address,bool,bool,address)\", p0, p1, p2, p3));\n\t}\n\n\tfunction log(address p0, bool p1, address p2, uint256 p3) internal view {\n\t\t_sendLogPayload(abi.encodeWithSignature(\"log(address,bool,address,uint256)\", p0, p1, p2, p3));\n\t}\n\n\tfunction log(address p0, bool p1, address p2, string memory p3) internal view {\n\t\t_sendLogPayload(abi.encodeWithSignature(\"log(address,bool,address,string)\", p0, p1, p2, p3));\n\t}\n\n\tfunction log(address p0, bool p1, address p2, bool p3) internal view {\n\t\t_sendLogPayload(abi.encodeWithSignature(\"log(address,bool,address,bool)\", p0, p1, p2, p3));\n\t}\n\n\tfunction log(address p0, bool p1, address p2, address p3) internal view {\n\t\t_sendLogPayload(abi.encodeWithSignature(\"log(address,bool,address,address)\", p0, p1, p2, p3));\n\t}\n\n\tfunction log(address p0, address p1, uint256 p2, uint256 p3) internal view {\n\t\t_sendLogPayload(abi.encodeWithSignature(\"log(address,address,uint256,uint256)\", p0, p1, p2, p3));\n\t}\n\n\tfunction log(address p0, address p1, uint256 p2, string memory p3) internal view {\n\t\t_sendLogPayload(abi.encodeWithSignature(\"log(address,address,uint256,string)\", p0, p1, p2, p3));\n\t}\n\n\tfunction log(address p0, address p1, uint256 p2, bool p3) internal view {\n\t\t_sendLogPayload(abi.encodeWithSignature(\"log(address,address,uint256,bool)\", p0, p1, p2, p3));\n\t}\n\n\tfunction log(address p0, address p1, uint256 p2, address p3) internal view {\n\t\t_sendLogPayload(abi.encodeWithSignature(\"log(address,address,uint256,address)\", p0, p1, p2, p3));\n\t}\n\n\tfunction log(address p0, address p1, string memory p2, uint256 p3) internal view {\n\t\t_sendLogPayload(abi.encodeWithSignature(\"log(address,address,string,uint256)\", p0, p1, p2, p3));\n\t}\n\n\tfunction log(address p0, address p1, string memory p2, string memory p3) internal view {\n\t\t_sendLogPayload(abi.encodeWithSignature(\"log(address,address,string,string)\", p0, p1, p2, p3));\n\t}\n\n\tfunction log(address p0, address p1, string memory p2, bool p3) internal view {\n\t\t_sendLogPayload(abi.encodeWithSignature(\"log(address,address,string,bool)\", p0, p1, p2, p3));\n\t}\n\n\tfunction log(address p0, address p1, string memory p2, address p3) internal view {\n\t\t_sendLogPayload(abi.encodeWithSignature(\"log(address,address,string,address)\", p0, p1, p2, p3));\n\t}\n\n\tfunction log(address p0, address p1, bool p2, uint256 p3) internal view {\n\t\t_sendLogPayload(abi.encodeWithSignature(\"log(address,address,bool,uint256)\", p0, p1, p2, p3));\n\t}\n\n\tfunction log(address p0, address p1, bool p2, string memory p3) internal view {\n\t\t_sendLogPayload(abi.encodeWithSignature(\"log(address,address,bool,string)\", p0, p1, p2, p3));\n\t}\n\n\tfunction log(address p0, address p1, bool p2, bool p3) internal view {\n\t\t_sendLogPayload(abi.encodeWithSignature(\"log(address,address,bool,bool)\", p0, p1, p2, p3));\n\t}\n\n\tfunction log(address p0, address p1, bool p2, address p3) internal view {\n\t\t_sendLogPayload(abi.encodeWithSignature(\"log(address,address,bool,address)\", p0, p1, p2, p3));\n\t}\n\n\tfunction log(address p0, address p1, address p2, uint256 p3) internal view {\n\t\t_sendLogPayload(abi.encodeWithSignature(\"log(address,address,address,uint256)\", p0, p1, p2, p3));\n\t}\n\n\tfunction log(address p0, address p1, address p2, string memory p3) internal view {\n\t\t_sendLogPayload(abi.encodeWithSignature(\"log(address,address,address,string)\", p0, p1, p2, p3));\n\t}\n\n\tfunction log(address p0, address p1, address p2, bool p3) internal view {\n\t\t_sendLogPayload(abi.encodeWithSignature(\"log(address,address,address,bool)\", p0, p1, p2, p3));\n\t}\n\n\tfunction log(address p0, address p1, address p2, address p3) internal view {\n\t\t_sendLogPayload(abi.encodeWithSignature(\"log(address,address,address,address)\", p0, p1, p2, p3));\n\t}\n\n}\n"
    }
  },
  "settings": {
    "optimizer": {
      "enabled": false,
      "runs": 200
    },
    "outputSelection": {
      "*": {
        "*": [
          "abi",
          "evm.bytecode",
          "evm.deployedBytecode",
          "evm.methodIdentifiers",
          "metadata",
          "devdoc",
          "userdoc",
          "storageLayout",
          "evm.gasEstimates"
        ],
        "": [
          "ast"
        ]
      }
    },
    "metadata": {
      "useLiteralContent": true
    }
  }
}